t,op,status,lat_ms,degradado
0.001,saldo,200,17.8,0
0.001,transferir,200,12.7,0
0.002,saldo,200,16.1,0
0.002,transferir,200,16.2,0
0.114,saldo,200,6.2,0
0.118,transferir,200,6.6,0
0.119,saldo,200,9.2,0
0.12,saldo,200,6.4,0
0.22,saldo,200,4.9,0
0.225,saldo,200,4.4,0
0.227,transferir,200,7.7,0
0.228,transferir,200,5.6,0
0.325,transferir,200,9.8,0
0.33,saldo,200,6.9,0
0.334,saldo,200,6.1,0
0.336,saldo,200,4.7,0
0.435,saldo,200,5.5,0
0.437,transferir,200,8.0,0
0.44,transferir,200,7.2,0
0.442,saldo,200,4.7,0
0.541,saldo,200,4.8,0
0.546,transferir,200,7.2,0
0.546,transferir,200,7.4,0
0.547,transferir,200,6.9,0
0.646,transferir,200,4.7,0
0.653,saldo,200,8.4,0
0.654,transferir,200,5.4,0
0.655,saldo,200,7.8,0
0.751,saldo,200,4.5,0
0.759,saldo,200,4.7,0
0.762,saldo,200,6.8,0
0.763,saldo,200,5.7,0
0.856,saldo,200,5.3,0
0.864,transferir,200,5.1,0
0.868,transferir,200,6.0,0
0.869,transferir,200,5.7,0
0.961,transferir,200,4.6,0
0.97,transferir,200,3.7,0
0.975,transferir,200,4.9,0
0.975,transferir,200,4.9,0
1.066,transferir,200,4.6,0
1.073,saldo,200,4.2,0
1.08,saldo,200,4.7,0
1.08,transferir,200,4.6,0
1.171,saldo,200,5.0,0
1.178,saldo,200,4.3,0
1.184,saldo,200,3.6,0
1.185,transferir,200,3.6,0
1.276,transferir,200,4.4,0
1.282,saldo,200,5.8,0
1.288,saldo,200,3.9,0
1.289,saldo,200,3.9,0
1.381,transferir,200,4.5,0
1.388,transferir,200,3.9,0
1.392,transferir,200,4.1,0
1.393,saldo,200,3.8,0
1.485,saldo,200,6.7,0
1.492,saldo,200,3.7,0
1.496,saldo,200,5.1,0
1.497,saldo,200,4.1,0
1.592,saldo,200,4.7,0
1.596,saldo,200,3.5,0
1.601,saldo,200,6.0,0
1.602,transferir,200,5.3,0
1.697,transferir,200,9.1,0
1.7,transferir,200,5.9,0
1.707,transferir,200,6.0,0
1.708,transferir,200,6.5,0
1.806,transferir,200,5.6,0
1.807,saldo,200,5.8,0
1.813,saldo,200,3.5,0
1.814,saldo,200,3.6,0
1.911,transferir,200,4.9,0
1.912,transferir,200,5.2,0
1.917,saldo,200,4.6,0
1.918,transferir,200,4.0,0
2.017,saldo,200,6.9,0
2.018,saldo,200,5.7,0
2.022,transferir,200,4.7,0
2.022,transferir,200,4.8,0
2.124,saldo,200,6.3,0
2.125,transferir,200,7.4,0
2.127,transferir,200,6.1,0
2.127,transferir,200,8.7,0
2.23,transferir,200,9.9,0
2.232,transferir,200,7.2,0
2.234,saldo,200,9.5,0
2.235,saldo,200,8.2,0
2.339,saldo,200,6.4,0
2.341,saldo,200,5.8,0
2.343,transferir,200,6.7,0
2.344,transferir,200,5.3,0
2.446,saldo,200,6.2,0
2.447,transferir,200,10.6,0
2.449,saldo,200,8.7,0
2.45,transferir,200,7.7,0
2.552,transferir,200,4.6,0
2.557,saldo,200,5.9,0
2.558,saldo,200,6.1,0
2.558,transferir,200,5.7,0
2.657,transferir,200,4.4,0
2.663,saldo,200,5.7,0
2.664,saldo,200,5.6,0
2.665,saldo,200,4.0,0
2.762,transferir,200,4.4,0
2.769,saldo,200,6.7,0
2.769,transferir,200,6.3,0
2.77,transferir,200,6.0,0
2.866,transferir,200,4.2,0
2.876,saldo,200,5.8,0
2.876,transferir,200,5.5,0
2.877,transferir,200,4.9,0
2.971,transferir,200,4.3,0
2.982,saldo,200,9.3,0
2.982,transferir,200,5.9,0
2.983,transferir,200,6.3,0
3.075,saldo,200,4.2,0
3.088,saldo,200,5.1,0
3.09,saldo,200,5.3,0
3.091,saldo,200,4.7,0
3.18,saldo,200,4.3,0
3.194,saldo,200,5.3,0
3.195,saldo,200,3.9,0
3.196,saldo,200,4.6,0
3.284,transferir,200,4.0,0
3.299,saldo,200,7.8,0
3.3,transferir,200,6.6,0
3.301,saldo,200,5.4,0
3.388,transferir,200,4.3,0
3.406,transferir,200,8.0,0
3.407,saldo,200,7.5,0
3.408,saldo,200,5.3,0
3.493,saldo,200,4.4,0
3.513,transferir,200,5.0,0
3.515,saldo,200,7.0,0
3.516,transferir,200,4.5,0
3.598,saldo,200,4.3,0
3.618,saldo,200,6.2,0
3.62,transferir,200,5.0,0
3.622,transferir,200,4.1,0
3.702,transferir,200,4.4,0
3.725,saldo,200,6.2,0
3.726,saldo,200,5.9,0
3.726,saldo,200,7.1,0
3.806,saldo,200,4.2,0
3.831,transferir,200,5.5,0
3.832,saldo,200,4.0,0
3.833,transferir,200,4.4,0
3.911,transferir,200,4.5,0
3.936,saldo,200,6.4,0
3.937,saldo,200,7.3,0
3.938,transferir,200,6.6,0
4.016,saldo,200,6.3,0
4.043,transferir,200,6.9,0
4.044,saldo,200,5.8,0
4.046,saldo,200,4.0,0
4.122,saldo,200,4.9,0
4.15,saldo,200,6.5,0
4.151,saldo,200,6.7,0
4.151,saldo,200,6.7,0
4.227,transferir,200,5.1,0
4.256,saldo,200,6.6,0
4.257,saldo,200,5.9,0
4.258,transferir,200,5.7,0
4.332,transferir,200,4.1,0
4.363,transferir,200,10.1,0
4.364,saldo,200,8.5,0
4.365,transferir,200,10.7,0
4.437,saldo,200,4.6,0
4.473,saldo,200,7.6,0
4.474,saldo,200,5.7,0
4.476,transferir,200,6.0,0
4.541,transferir,200,6.9,0
4.58,saldo,200,5.8,0
4.581,saldo,200,6.4,0
4.582,transferir,200,4.7,0
4.649,saldo,200,4.4,0
4.685,saldo,200,5.9,0
4.687,saldo,200,6.0,0
4.687,transferir,200,6.5,0
4.753,transferir,200,6.1,0
4.791,transferir,200,4.8,0
4.793,transferir,200,3.4,0
4.795,transferir,200,4.5,0
4.859,transferir,200,4.8,0
4.896,transferir,200,15.2,0
4.898,saldo,200,12.1,0
4.899,transferir,200,10.7,0
4.964,saldo,200,4.0,0
5.01,saldo,200,9.7,0
5.01,saldo,200,10.1,0
5.014,saldo,200,6.8,0
5.068,saldo,200,4.1,0
5.12,transferir,200,6.7,0
5.121,saldo,200,6.0,0
5.121,saldo,200,6.7,0
5.173,saldo,200,4.7,0
5.226,saldo,200,8.1,0
5.227,saldo,200,7.7,0
5.228,saldo,200,6.2,0
5.278,saldo,200,5.9,0
5.334,saldo,200,3012.7,0
5.335,saldo,200,10.0,0
5.336,saldo,200,3010.6,0
5.384,transferir,200,3004.7,0
5.445,saldo,200,3006.9,0
8.447,transferir,200,3009.2,0
8.448,transferir,200,3008.3,0
8.488,saldo,200,3004.6,0
8.552,transferir,200,3005.3,0
11.556,saldo,200,3005.6,0
11.557,saldo,200,3005.1,0
11.593,saldo,200,3005.0,0
11.658,transferir,200,3005.6,0
14.662,saldo,200,3005.9,0
14.662,saldo,200,3006.0,0
14.698,transferir,200,3005.4,0
14.764,transferir,200,3005.5,0
17.769,transferir,200,3006.6,0
17.77,transferir,200,3006.1,0
17.804,transferir,200,3005.0,0
17.869,saldo,200,3005.1,0
20.875,saldo,200,3007.0,0
20.876,saldo,200,3005.4,0
20.909,saldo,200,3004.8,0
20.975,saldo,200,3004.8,0
23.982,saldo,200,3006.2,0
23.983,saldo,200,3006.1,0
24.014,saldo,200,3005.0,0
24.08,saldo,200,3005.3,0
27.088,saldo,200,3007.2,0
27.089,saldo,200,3006.7,0
27.119,saldo,200,3004.8,0
27.186,transferir,200,3005.6,0
30.195,transferir,200,3006.7,0
30.196,saldo,200,3006.6,0
30.224,saldo,200,3004.8,0
30.291,transferir,200,3005.0,0
33.302,saldo,200,3006.4,0
33.303,saldo,200,3006.4,0
33.329,saldo,200,3005.3,0
33.397,transferir,200,3006.0,0
36.409,transferir,200,3007.5,0
36.41,transferir,200,3006.4,0
36.435,transferir,200,3005.1,0
36.503,saldo,200,3005.2,0
39.516,transferir,200,3006.4,0
39.517,saldo,200,3005.9,0
39.54,transferir,200,3004.6,0
39.608,saldo,200,3005.8,0
42.623,saldo,200,3006.3,0
42.623,saldo,200,3006.6,0
42.645,saldo,200,3004.7,0
42.714,saldo,200,3005.0,0
